Mind Meld: Secrets Behind the Voyage of a Lifetime,9.8,美国,科幻,https://movie.douban.com/subject/5131881/,https://img3.doubanio.com/lpic/s6631403.jpg
瑞克与莫蒂之精致死尸,9.7,美国,科幻,https://movie.douban.com/subject/27101676/,https://img1.doubanio.com/view/photo/s_ratio_poster/public/p2494617459.jpg
怪诞小镇特别篇：松林之间,9.5,美国,科幻,https://movie.douban.com/subject/26744258/,https://img3.doubanio.com/view/photo/s_ratio_poster/public/p2324315416.jpg
旅行者号：冲出太阳系,9.5,美国,科幻,https://movie.douban.com/subject/23117105/,https://img3.doubanio.com/view/photo/s_ratio_poster/public/p1922704513.jpg
疑犯追踪 试播集,9.4,美国,科幻,https://movie.douban.com/subject/24700683/,https://img1.doubanio.com/view/photo/s_ratio_poster/public/p1974739828.jpg
历史频道 - 宇宙系列：大爆炸开始,9.4,美国,科幻,https://movie.douban.com/subject/4714475/,https://img3.doubanio.com/lpic/s4227350.jpg
盗梦空间,9.3,美国,科幻,https://movie.douban.com/subject/3541415/,https://img3.doubanio.com/view/photo/s_ratio_poster/public/p513344864.jpg
机器人总动员,9.3,美国,科幻,https://movie.douban.com/subject/2131459/,https://img3.doubanio.com/view/photo/s_ratio_poster/public/p449665982.jpg
旅行到宇宙边缘,9.3,美国,科幻,https://movie.douban.com/subject/3595323/,https://img3.doubanio.com/view/photo/s_ratio_poster/public/p1958040706.jpg
守望先锋：双龙,9.3,美国,科幻,https://movie.douban.com/subject/26860017/,https://img3.doubanio.com/view/photo/s_ratio_poster/public/p2417863546.jpg
危险的日子：银翼杀手制作始末,9.3,美国,科幻,https://movie.douban.com/subject/3741153/,https://img1.doubanio.com/view/photo/s_ratio_poster/public/p2189124857.jpg
萤火虫10周年纪念,9.3,美国,科幻,https://movie.douban.com/subject/24882604/,https://img3.doubanio.com/view/photo/s_ratio_poster/public/p2161889323.jpg
守望先锋：荣耀,9.3,美国,科幻,https://movie.douban.com/subject/27191474/,https://img3.doubanio.com/view/photo/s_ratio_poster/public/p2504236053.jpg
守望先锋：我们出发吧,9.2,美国,科幻,https://movie.douban.com/subject/27121211/,https://img3.doubanio.com/view/photo/s_ratio_poster/public/p2498314003.jpg
星际旅行：舰长峰会,9.2,美国,科幻,https://movie.douban.com/subject/6724026/,https://img1.doubanio.com/view/photo/s_ratio_poster/public/p2247382219.jpg
楚门的世界,9.1,美国,科幻,https://movie.douban.com/subject/1292064/,https://img3.doubanio.com/view/photo/s_ratio_poster/public/p479682972.jpg
星际穿越,9.1,美国,科幻,https://movie.douban.com/subject/1889243/,https://img3.doubanio.com/view/photo/s_ratio_poster/public/p2206088801.jpg
哈利·波特系列的50个精彩瞬间,9.1,美国,科幻,https://movie.douban.com/subject/6758119/,https://img1.doubanio.com/view/photo/s_ratio_poster/public/p2184324569.jpg
机器的复兴：第1部,9.1,美国,科幻,https://movie.douban.com/subject/2049553/,https://img3.doubanio.com/view/photo/s_ratio_poster/public/p2189949483.jpg
星际牛仔,9.6,日本,科幻,https://movie.douban.com/subject/26883616/,https://img3.doubanio.com/view/photo/s_ratio_poster/public/p2385967281.jpg
新世纪福音战士剧场版：Air/真心为你,9.4,日本,科幻,https://movie.douban.com/subject/1308892/,https://img1.doubanio.com/view/photo/s_ratio_poster/public/p2199653749.jpg
宇宙兄弟#0,9.3,日本,科幻,https://movie.douban.com/subject/25792658/,https://img3.doubanio.com/view/photo/s_ratio_poster/public/p2192962095.jpg
福音战士新剧场版：破,9.2,日本,科幻,https://movie.douban.com/subject/2567646/,https://img3.doubanio.com/view/photo/s_ratio_poster/public/p1026522114.jpg
新世纪福音战士剧场版：死与新生,9.2,日本,科幻,https://movie.douban.com/subject/1455442/,https://img3.doubanio.com/view/photo/s_ratio_poster/public/p2250120322.jpg
攻壳机动队SAC 2nd GIG：个别的十一人,9.2,日本,科幻,https://movie.douban.com/subject/2352020/,https://img3.doubanio.com/view/photo/s_ratio_poster/public/p2497028401.jpg
新世纪福音战士剧场版：复兴,9.2,日本,科幻,https://movie.douban.com/subject/20458867/,https://img3.doubanio.com/view/photo/s_ratio_poster/public/p2227584460.jpg
机动战士高达 THE ORIGIN III 破晓的起义,9.2,日本,科幻,https://movie.douban.com/subject/26359261/,https://img3.doubanio.com/view/photo/s_ratio_poster/public/p2325456546.jpg
银河英雄传说：我的征途是星辰大海,9.2,日本,科幻,https://movie.douban.com/subject/3542206/,https://img3.doubanio.com/view/photo/s_ratio_poster/public/p486657453.jpg
机动战士高达THE ORIGIN 激战 鲁姆战役篇,9.2,日本,科幻,https://movie.douban.com/subject/26919026/,https://img1.doubanio.com/view/photo/s_ratio_poster/public/p2495283318.jpg
超时空游侠,9.2,日本,科幻,https://movie.douban.com/subject/3078572/,https://img1.doubanio.com/view/photo/s_ratio_poster/public/p1902970538.jpg
福音战士新剧场版：序,9.1,日本,科幻,https://movie.douban.com/subject/1968790/,https://img3.doubanio.com/view/photo/s_ratio_poster/public/p453715063.jpg
命运石之门：横行跋扈的浪荡之徒,9.1,日本,科幻,https://movie.douban.com/subject/10521690/,https://img3.doubanio.com/view/photo/s_ratio_poster/public/p1432532161.jpg
机器的复兴：第1部,9.1,日本,科幻,https://movie.douban.com/subject/2049553/,https://img3.doubanio.com/view/photo/s_ratio_poster/public/p2189949483.jpg
攻壳机动队SAC：笑面男,9.1,日本,科幻,https://movie.douban.com/subject/2078804/,https://img1.doubanio.com/view/photo/s_ratio_poster/public/p2207164758.jpg
机器的复兴：第2部,9.1,日本,科幻,https://movie.douban.com/subject/2049556/,https://img3.doubanio.com/view/photo/s_ratio_poster/public/p2189949652.jpg
天元突破剧场版：螺岩篇,9.1,日本,科幻,https://movie.douban.com/subject/3727748/,https://img3.doubanio.com/view/photo/s_ratio_poster/public/p937216094.jpg
银河英雄传说：新战争的序曲,9.1,日本,科幻,https://movie.douban.com/subject/3542229/,https://img3.doubanio.com/lpic/s3602702.jpg
攻壳机动队2：无罪,9.0,日本,科幻,https://movie.douban.com/subject/1291566/,https://img1.doubanio.com/view/photo/s_ratio_poster/public/p453466108.jpg
凉宫春日的消失,9.0,日本,科幻,https://movie.douban.com/subject/4074292/,https://img3.doubanio.com/view/photo/s_ratio_poster/public/p2246432125.jpg
世界纪录,9.0,日本,科幻,https://movie.douban.com/subject/2049559/,https://img3.doubanio.com/view/photo/s_ratio_poster/public/p2189185870.jpg
机动战士高达：逆袭的夏亚,9.0,日本,科幻,https://movie.douban.com/subject/1401536/,https://img3.doubanio.com/view/photo/s_ratio_poster/public/p546980785.jpg
少女与战车 剧场版,9.0,日本,科幻,https://movie.douban.com/subject/24460604/,https://img1.doubanio.com/view/photo/s_ratio_poster/public/p2290872319.jpg
2112年 哆啦A梦诞生,9.0,日本,科幻,https://movie.douban.com/subject/3558793/,https://img3.doubanio.com/view/photo/s_ratio_poster/public/p1666603536.jpg
反叛的鲁路修特别篇：零之镇魂曲,9.0,日本,科幻,https://movie.douban.com/subject/6514089/,https://img1.doubanio.com/view/photo/s_ratio_poster/public/p2178971509.jpg
机动战士高达 THE ORIGIN IV 命运前夜,9.0,日本,科幻,https://movie.douban.com/subject/26359260/,https://img3.doubanio.com/view/photo/s_ratio_poster/public/p2409626594.jpg
飞跃巅峰！飞跃巅峰2！合体剧场版,9.0,日本,科幻,https://movie.douban.com/subject/5915807/,https://img1.doubanio.com/view/photo/s_ratio_poster/public/p2238703638.jpg
高智能方程式赛车 TV总集篇,9.0,日本,科幻,https://movie.douban.com/subject/4906417/,https://img3.doubanio.com/lpic/s4412555.jpg
新世纪福音战士 第0:0话 诞生之始,9.0,日本,科幻,https://movie.douban.com/subject/26306741/,https://img3.doubanio.com/view/photo/s_ratio_poster/public/p2222846543.jpg
宇宙快递,9.0,韩国,科幻,https://movie.douban.com/subject/25884822/,https://img3.doubanio.com/view/photo/s_ratio_poster/public/p2229847445.jpg
神秘博士：DT的视频日志：最后的日子,9.6,英国,科幻,https://movie.douban.com/subject/10508911/,https://img1.doubanio.com/view/photo/s_ratio_poster/public/p2317582899.jpg
神秘博士：2008逍遥音乐会,9.6,英国,科幻,https://movie.douban.com/subject/3712009/,https://img3.doubanio.com/lpic/s3765103.jpg
凯特秀：喜剧插曲之神秘博士特别篇,9.6,英国,科幻,https://movie.douban.com/subject/25824839/,https://img3.doubanio.com/view/photo/s_ratio_poster/public/p2289093862.jpg
神秘博士：2006逍遥音乐会,9.6,英国,科幻,https://movie.douban.com/subject/5941689/,https://img3.doubanio.com/lpic/s4609003.jpg
时空冒险,9.5,英国,科幻,https://movie.douban.com/subject/24298647/,https://img3.doubanio.com/view/photo/s_ratio_poster/public/p2173858926.jpg
旅行者号：冲出太阳系,9.5,英国,科幻,https://movie.douban.com/subject/23117105/,https://img3.doubanio.com/view/photo/s_ratio_poster/public/p1922704513.jpg
五位(还嫌少)博士重启,9.5,英国,科幻,https://movie.douban.com/subject/25777719/,https://img1.doubanio.com/view/photo/s_ratio_poster/public/p2160377148.jpg
神秘博士：2010逍遥音乐会,9.5,英国,科幻,https://movie.douban.com/subject/5941690/,https://img3.doubanio.com/view/photo/s_ratio_poster/public/p2321153970.jpg
神秘博士：2013逍遥音乐会,9.5,英国,科幻,https://movie.douban.com/subject/25717159/,https://img3.doubanio.com/view/photo/s_ratio_poster/public/p2118848256.jpg
弗兰肯斯坦,9.4,英国,科幻,https://movie.douban.com/subject/10508921/,https://img3.doubanio.com/view/photo/s_ratio_poster/public/p2252273146.jpg
神秘博士2005慈善特辑：帮助儿童,9.4,英国,科幻,https://movie.douban.com/subject/10577674/,https://img3.doubanio.com/lpic/s11088020.jpg
神秘博士：DT的视频日志,9.4,英国,科幻,https://movie.douban.com/subject/10553116/,https://img3.doubanio.com/lpic/s10385776.jpg
神秘博士终极指南,9.4,英国,科幻,https://movie.douban.com/subject/25777630/,https://img1.doubanio.com/view/photo/s_ratio_poster/public/p2165084958.jpg
博士之日幕后揭秘,9.4,英国,科幻,https://movie.douban.com/subject/25810935/,https://img1.doubanio.com/view/photo/s_ratio_poster/public/p2186708457.jpg
盗梦空间,9.3,英国,科幻,https://movie.douban.com/subject/3541415/,https://img3.doubanio.com/view/photo/s_ratio_poster/public/p513344864.jpg
神秘博士特别篇：时间尽头(下),9.3,英国,科幻,https://movie.douban.com/subject/4215755/,https://img1.doubanio.com/view/photo/s_ratio_poster/public/p2151699747.jpg
神秘博士：天体音乐,9.3,英国,科幻,https://movie.douban.com/subject/5181578/,https://img3.doubanio.com/lpic/s6958586.jpg
神秘博士背后的科学,9.3,英国,科幻,https://movie.douban.com/subject/25773398/,https://img3.doubanio.com/view/photo/s_ratio_poster/public/p2159548712.jpg
神秘博士：再见，马特·史密斯,9.3,英国,科幻,https://movie.douban.com/subject/25966287/,https://img3.doubanio.com/view/photo/s_ratio_poster/public/p2206715301.jpg
神秘博士特别篇：时间尽头(上),9.2,英国,科幻,https://movie.douban.com/subject/4215662/,https://img1.doubanio.com/lpic/s4118059.jpg
神秘博士：时间冲撞,9.2,英国,科幻,https://movie.douban.com/subject/4188543/,https://img1.doubanio.com/lpic/s6788929.jpg
人体奥妙之细胞的暗战,9.2,英国,科幻,https://movie.douban.com/subject/20515275/,https://img3.doubanio.com/view/photo/s_ratio_poster/public/p1843111780.jpg
2007红鼻子日慈善专场大表演,9.2,英国,科幻,https://movie.douban.com/subject/2124854/,https://img1.doubanio.com/lpic/s2727327.jpg
最棒的同伴,9.2,英国,科幻,https://movie.douban.com/subject/20399058/,https://img1.doubanio.com/lpic/s24439949.jpg
星际穿越,9.1,英国,科幻,https://movie.douban.com/subject/1889243/,https://img3.doubanio.com/view/photo/s_ratio_poster/public/p2206088801.jpg
黑镜：圣诞特别篇,9.1,英国,科幻,https://movie.douban.com/subject/25964630/,https://img3.doubanio.com/view/photo/s_ratio_poster/public/p2233676442.jpg
哈利·波特系列的50个精彩瞬间,9.1,英国,科幻,https://movie.douban.com/subject/6758119/,https://img1.doubanio.com/view/photo/s_ratio_poster/public/p2184324569.jpg
哈勃的15年科学探索,9.1,英国,科幻,https://movie.douban.com/subject/3149040/,https://img3.doubanio.com/view/photo/s_ratio_poster/public/p1846835634.jpg
博士的女伴,9.1,英国,科幻,https://movie.douban.com/subject/11625156/,https://img1.doubanio.com/lpic/s11282609.jpg
Pond一家最后的日子,9.1,英国,科幻,https://movie.douban.com/subject/25779232/,https://img3.doubanio.com/view/photo/s_ratio_poster/public/p2211974901.jpg
神秘博士圣诞时刻,9.1,英国,科幻,https://movie.douban.com/subject/21354158/,https://img3.doubanio.com/lpic/s24976003.jpg
虎王归来,9.1,英国,科幻,https://movie.douban.com/subject/24849943/,https://img3.doubanio.com/view/photo/s_ratio_poster/public/p2029447346.jpg
蝙蝠侠：黑暗骑士,9.0,英国,科幻,https://movie.douban.com/subject/1851857/,https://img3.doubanio.com/view/photo/s_ratio_poster/public/p462657443.jpg
神秘博士：火星之水,9.0,英国,科幻,https://movie.douban.com/subject/4144683/,https://img3.doubanio.com/view/photo/s_ratio_poster/public/p2151616662.jpg
双X：这个游戏的名称,9.0,英国,科幻,https://movie.douban.com/subject/1294819/,https://img3.doubanio.com/lpic/s3932346.jpg
彩虹,9.0,英国,科幻,https://movie.douban.com/subject/1971485/,https://img3.doubanio.com/view/photo/s_ratio_poster/public/p503390374.jpg
神秘博士：信息场,9.0,英国,科幻,https://movie.douban.com/subject/25824941/,https://img3.doubanio.com/view/photo/s_ratio_poster/public/p2169394973.jpg
最棒的怪物,8.9,英国,科幻,https://movie.douban.com/subject/20393812/,https://img1.doubanio.com/lpic/s24428449.jpg
穿越扬提尔森的音乐秘密,9.4,法国,科幻,https://movie.douban.com/subject/6038293/,https://img3.doubanio.com/lpic/s4677004.jpg
虚幻勇士,9.1,法国,科幻,https://movie.douban.com/subject/3667535/,https://img3.doubanio.com/lpic/s3724393.jpg
哈勃的15年科学探索,9.1,德国,科幻,https://movie.douban.com/subject/3149040/,https://img3.doubanio.com/view/photo/s_ratio_poster/public/p1846835634.jpg
星际穿越,9.1,加拿大,科幻,https://movie.douban.com/subject/1889243/,https://img3.doubanio.com/view/photo/s_ratio_poster/public/p2206088801.jpg
彩虹,9.0,加拿大,科幻,https://movie.douban.com/subject/1971485/,https://img3.doubanio.com/view/photo/s_ratio_poster/public/p503390374.jpg
刘二上访记,,大陆,剧情,https://movie.douban.com/subject/21715471/,https://img3.doubanio.com/lpic/s25805382.jpg
荒山泪,9.4,大陆,剧情,https://movie.douban.com/subject/3724033/,https://img3.doubanio.com/view/photo/s_ratio_poster/public/p1945500364.jpg
茶馆,9.3,大陆,剧情,https://movie.douban.com/subject/1461403/,https://img3.doubanio.com/view/photo/s_ratio_poster/public/p2262122096.jpg
背靠背，脸对脸,9.3,大陆,剧情,https://movie.douban.com/subject/1307856/,https://img1.doubanio.com/view/photo/s_ratio_poster/public/p2505048077.jpg
鬼子来了,9.2,大陆,剧情,https://movie.douban.com/subject/1291858/,https://img3.doubanio.com/view/photo/s_ratio_poster/public/p1181775734.jpg
狐妖小红娘剧场版：王权富贵,9.2,大陆,剧情,https://movie.douban.com/subject/26946612/,https://img3.doubanio.com/view/photo/s_ratio_poster/public/p2409467410.jpg
活着,9.1,大陆,剧情,https://movie.douban.com/subject/1292365/,https://img3.doubanio.com/view/photo/s_ratio_poster/public/p2173575484.jpg
天堂回信,9.1,大陆,剧情,https://movie.douban.com/subject/1418076/,https://img3.doubanio.com/view/photo/s_ratio_poster/public/p1090024531.jpg
金花路5号,9.1,大陆,剧情,https://movie.douban.com/subject/2282452/,https://img3.doubanio.com/view/photo/s_ratio_poster/public/p1961367162.jpg
芙蓉镇,9.0,大陆,剧情,https://movie.douban.com/subject/1297880/,https://img3.doubanio.com/view/photo/s_ratio_poster/public/p2184544013.jpg
红楼梦,9.0,大陆,剧情,https://movie.douban.com/subject/1329969/,https://img3.doubanio.com/view/photo/s_ratio_poster/public/p2322451692.jpg
如此爹娘,9.0,大陆,剧情,https://movie.douban.com/subject/3032535/,https://img3.doubanio.com/view/photo/s_ratio_poster/public/p2323730451.jpg
穆桂英挂帅,9.0,大陆,剧情,https://movie.douban.com/subject/2340950/,https://img3.doubanio.com/view/photo/s_ratio_poster/public/p2345664290.jpg
孔明灯,9.0,大陆,剧情,https://movie.douban.com/subject/6785099/,https://img3.doubanio.com/lpic/s6852223.jpg
霍伊特团队,9.7,美国,剧情,https://movie.douban.com/subject/2006101/,https://img3.doubanio.com/view/photo/s_ratio_poster/public/p2329853674.jpg
肖申克的救赎,9.6,美国,剧情,https://movie.douban.com/subject/1292052/,https://img3.doubanio.com/view/photo/s_ratio_poster/public/p480747492.jpg
控方证人,9.6,美国,剧情,https://movie.douban.com/subject/1296141/,https://img1.doubanio.com/view/photo/s_ratio_poster/public/p1505392928.jpg
威尔和格蕾丝 告别秀,9.6,美国,剧情,https://movie.douban.com/subject/2263259/,https://img1.doubanio.com/view/photo/s_ratio_poster/public/p2408281629.jpg
迈克尔·杰克逊：音乐历史专辑全集,9.6,美国,剧情,https://movie.douban.com/subject/2122919/,https://img3.doubanio.com/lpic/s2541232.jpg
NBA黄金50周年纪念特辑,9.6,美国,剧情,https://movie.douban.com/subject/3145883/,https://img3.doubanio.com/lpic/s3180872.jpg
天使在美国第二部：重建,9.6,美国,剧情,https://movie.douban.com/subject/27045950/,https://img3.doubanio.com/view/photo/s_ratio_poster/public/p2474462430.jpg
AFI终身成就奖：向阿尔帕西诺致敬,9.6,美国,剧情,https://movie.douban.com/subject/4832752/,https://img1.doubanio.com/lpic/s4361049.jpg
拉娜·德雷：西海岸,9.6,美国,剧情,https://movie.douban.com/subject/25940511/,https://img3.doubanio.com/view/photo/s_ratio_poster/public/p2193232040.jpg
豪斯医生完季特别篇：天鹅挽歌,9.5,美国,剧情,https://movie.douban.com/subject/10757823/,https://img3.doubanio.com/view/photo/s_ratio_poster/public/p2201534004.jpg
怪诞小镇特别篇：松林之间,9.5,美国,剧情,https://movie.douban.com/subject/26744258/,https://img3.doubanio.com/view/photo/s_ratio_poster/public/p2324315416.jpg
跳出我天地音乐剧,9.5,美国,剧情,https://movie.douban.com/subject/26264388/,https://img3.doubanio.com/view/photo/s_ratio_poster/public/p2215874393.jpg
天使在美国第一部：千禧年降临,9.5,美国,剧情,https://movie.douban.com/subject/27021257/,https://img3.doubanio.com/view/photo/s_ratio_poster/public/p2455727120.jpg
演员工作室：老爸老妈的浪漫史,9.5,美国,剧情,https://movie.douban.com/subject/25855990/,https://img3.doubanio.com/view/photo/s_ratio_poster/public/p2176444996.jpg
阿甘正传,9.4,美国,剧情,https://movie.douban.com/subject/1292720/,https://img1.doubanio.com/view/photo/s_ratio_poster/public/p510876377.jpg
辛德勒的名单,9.4,美国,剧情,https://movie.douban.com/subject/1295124/,https://img3.doubanio.com/view/photo/s_ratio_poster/public/p492406163.jpg
十二怒汉,9.4,美国,剧情,https://movie.douban.com/subject/1293182/,https://img3.doubanio.com/view/photo/s_ratio_poster/public/p2173577632.jpg
福尔摩斯二世,9.4,美国,剧情,https://movie.douban.com/subject/1303408/,https://img1.doubanio.com/view/photo/s_ratio_poster/public/p2206737207.jpg
十二怒汉,9.4,美国,剧情,https://movie.douban.com/subject/10583098/,https://img3.doubanio.com/view/photo/s_ratio_poster/public/p2153875961.jpg
控方证人,9.4,美国,剧情,https://movie.douban.com/subject/5294851/,https://img3.doubanio.com/view/photo/s_ratio_poster/public/p2367853261.jpg
绝不折中：绝命毒师最终季制作记录,9.4,美国,剧情,https://movie.douban.com/subject/25779043/,https://img3.doubanio.com/view/photo/s_ratio_poster/public/p2208788564.jpg
疑犯追踪 试播集,9.4,美国,剧情,https://movie.douban.com/subject/24700683/,https://img1.doubanio.com/view/photo/s_ratio_poster/public/p1974739828.jpg
拽妹黛薇儿要上大学了没,9.4,美国,剧情,https://movie.douban.com/subject/2054458/,https://img3.doubanio.com/lpic/s2372970.jpg
博弈论,9.4,美国,剧情,https://movie.douban.com/subject/3272459/,https://img3.doubanio.com/lpic/s4495422.jpg
拜访森林,9.4,美国,剧情,https://movie.douban.com/subject/25741291/,https://img3.doubanio.com/view/photo/s_ratio_poster/public/p2155898916.jpg
Christina Aguilera: Back to Basics - Live and Down Under,9.4,美国,剧情,https://movie.douban.com/subject/3060405/,https://img3.doubanio.com/view/photo/s_ratio_poster/public/p2498697744.jpg
聪明狗走天涯,9.4,美国,剧情,https://movie.douban.com/subject/1297777/,https://img1.doubanio.com/lpic/s1788447.jpg
土豆工厂,9.3,美国,剧情,https://movie.douban.com/subject/1793083/,https://img3.doubanio.com/view/photo/s_ratio_poster/public/p2233036824.jpg
盗梦空间,9.3,美国,剧情,https://movie.douban.com/subject/3541415/,https://img3.doubanio.com/view/photo/s_ratio_poster/public/p513344864.jpg
海豚湾,9.3,美国,剧情,https://movie.douban.com/subject/3442220/,https://img3.doubanio.com/view/photo/s_ratio_poster/public/p455222172.jpg
The Work of Director Michel Gondry,9.3,美国,剧情,https://movie.douban.com/subject/1400646/,https://img3.doubanio.com/lpic/s1408962.jpg
守望先锋：双龙,9.3,美国,剧情,https://movie.douban.com/subject/26860017/,https://img3.doubanio.com/view/photo/s_ratio_poster/public/p2417863546.jpg
诱惑乐队,9.3,美国,剧情,https://movie.douban.com/subject/2138114/,https://img3.doubanio.com/lpic/s2572066.jpg
南方公园之梦想国度,9.4,美国,剧情,https://movie.douban.com/subject/5179539/,https://img3.doubanio.com/lpic/s5293436.jpg
查理布朗男孩,9.3,美国,剧情,https://movie.douban.com/subject/1295406/,https://img1.doubanio.com/view/photo/s_ratio_poster/public/p577559527.jpg
山谷崛起,9.3,美国,剧情,https://movie.douban.com/subject/26291600/,https://img3.doubanio.com/view/photo/s_ratio_poster/public/p2221606645.jpg
冰上卡门,9.3,美国,剧情,https://movie.douban.com/subject/1998081/,https://img3.doubanio.com/lpic/s4044014.jpg
泰坦尼克号,9.2,美国,剧情,https://movie.douban.com/subject/1292722/,https://img3.doubanio.com/view/photo/s_ratio_poster/public/p457760035.jpg
海上钢琴师,9.2,美国,剧情,https://movie.douban.com/subject/1292001/,https://img1.doubanio.com/view/photo/s_ratio_poster/public/p511146807.jpg
霸王别姬,9.5,香港,剧情,https://movie.douban.com/subject/1291546/,https://img3.doubanio.com/view/photo/s_ratio_poster/public/p1910813120.jpg
Small Matters 音乐录像故事,9.4,香港,剧情,https://movie.douban.com/subject/2295463/,https://img1.doubanio.com/lpic/s2752638.jpg
背靠背，脸对脸,9.3,香港,剧情,https://movie.douban.com/subject/1307856/,https://img1.doubanio.com/view/photo/s_ratio_poster/public/p2505048077.jpg
帝女花,9.3,香港,剧情,https://movie.douban.com/subject/1918697/,https://img1.doubanio.com/view/photo/s_ratio_poster/public/p2324412917.jpg
大话西游之大圣娶亲,9.2,香港,剧情,https://movie.douban.com/subject/1292213/,https://img3.doubanio.com/view/photo/s_ratio_poster/public/p2455050536.jpg
幸福的旁边,9.2,香港,剧情,https://movie.douban.com/subject/26879897/,https://img3.doubanio.com/view/photo/s_ratio_poster/public/p2503447611.jpg
活着,9.1,香港,剧情,https://movie.douban.com/subject/1292365/,https://img3.doubanio.com/view/photo/s_ratio_poster/public/p2173575484.jpg
南海十三郎,9.1,香港,剧情,https://movie.douban.com/subject/1303913/,https://img1.doubanio.com/view/photo/s_ratio_poster/public/p2328424489.jpg
无间道,9.0,香港,剧情,https://movie.douban.com/subject/1307914/,https://img3.doubanio.com/view/photo/s_ratio_poster/public/p2233971046.jpg
上海滩,9.0,香港,剧情,https://movie.douban.com/subject/6311260/,https://img3.doubanio.com/view/photo/s_ratio_poster/public/p2344833803.jpg
冲天,9.2,台湾,剧情,https://movie.douban.com/subject/26602234/,https://img3.doubanio.com/view/photo/s_ratio_poster/public/p2279974285.jpg
霹雳兵燹,9.2,台湾,剧情,https://movie.douban.com/subject/1920838/,https://img1.doubanio.com/lpic/s1913808.jpg
时之繁花,9.2,台湾,剧情,https://movie.douban.com/subject/25774028/,https://img3.doubanio.com/view/photo/s_ratio_poster/public/p2216519411.jpg
饮食男女,9.1,台湾,剧情,https://movie.douban.com/subject/1291818/,https://img3.doubanio.com/view/photo/s_ratio_poster/public/p1910899751.jpg
少年派的奇幻漂流,9.0,台湾,剧情,https://movie.douban.com/subject/1929463/,https://img3.doubanio.com/view/photo/s_ratio_poster/public/p1784592701.jpg
长假,9.0,台湾,剧情,https://movie.douban.com/subject/3098844/,https://img3.doubanio.com/view/photo/s_ratio_poster/public/p2153135246.jpg
Arch Enemy: Tyrants of the Rising Sun,9.6,日本,剧情,https://movie.douban.com/subject/4170515/,https://img3.doubanio.com/lpic/s4078391.jpg
银魂：白夜叉降诞预告,9.5,日本,剧情,https://movie.douban.com/subject/4236817/,https://img1.doubanio.com/view/photo/s_ratio_poster/public/p2214620528.jpg
银魂：无论什么事开始虽然重要但伸个懒腰的话也不错,9.5,日本,剧情,https://movie.douban.com/subject/4116936/,https://img3.doubanio.com/view/photo/s_ratio_poster/public/p2221047675.jpg
北国之恋：2002遗言,9.5,日本,剧情,https://movie.douban.com/subject/2025137/,https://img3.doubanio.com/view/photo/s_ratio_poster/public/p2073979922.jpg
北国之恋：1987初恋,9.5,日本,剧情,https://movie.douban.com/subject/3794147/,https://img3.doubanio.com/view/photo/s_ratio_poster/public/p2472830331.jpg
北国之恋：1984夏天,9.5,日本,剧情,https://movie.douban.com/subject/3794146/,https://img3.doubanio.com/view/photo/s_ratio_poster/public/p2472828763.jpg
北国之恋：1995秘密,9.5,日本,剧情,https://movie.douban.com/subject/2025130/,https://img3.doubanio.com/lpic/s2356190.jpg
北国之恋：1989归乡,9.5,日本,剧情,https://movie.douban.com/subject/3794149/,https://img3.doubanio.com/lpic/s4657020.jpg
北国之恋：1998时代,9.5,日本,剧情,https://movie.douban.com/subject/2025138/,https://img3.doubanio.com/view/photo/s_ratio_poster/public/p2323647341.jpg
转世熏风,9.5,日本,剧情,https://movie.douban.com/subject/25745644/,https://img3.doubanio.com/view/photo/s_ratio_poster/public/p2317900073.jpg
飄,9.5,日本,剧情,https://movie.douban.com/subject/26555978/,https://img3.doubanio.com/view/photo/s_ratio_poster/public/p2256610543.jpg
奥丁领域,9.5,日本,剧情,https://movie.douban.com/subject/5450837/,https://img3.doubanio.com/view/photo/s_ratio_poster/public/p784512610.jpg
新世纪福音战士剧场版：Air/真心为你,9.4,日本,剧情,https://movie.douban.com/subject/1308892/,https://img1.doubanio.com/view/photo/s_ratio_poster/public/p2199653749.jpg
夏目友人帐 第六季 特别篇 铃响的残株,9.4,日本,剧情,https://movie.douban.com/subject/27121232/,https://img3.doubanio.com/view/photo/s_ratio_poster/public/p2497232204.jpg
北国之恋：1992自立,9.4,日本,剧情,https://movie.douban.com/subject/2025124/,https://img3.doubanio.com/lpic/s2974252.jpg
回忆积木小屋,9.3,日本,剧情,https://movie.douban.com/subject/3560787/,https://img3.doubanio.com/view/photo/s_ratio_poster/public/p2205961264.jpg
银魂完结篇：直到永远的万事屋,9.3,日本,剧情,https://movie.douban.com/subject/11615927/,https://img3.doubanio.com/view/photo/s_ratio_poster/public/p2258024316.jpg
夏目友人帐 五 特别篇：一夜酒杯,9.3,日本,剧情,https://movie.douban.com/subject/27011740/,https://img3.doubanio.com/view/photo/s_ratio_poster/public/p2454093081.jpg
北国之恋：1983冬天,9.3,日本,剧情,https://movie.douban.com/subject/3794145/,https://img1.doubanio.com/view/photo/s_ratio_poster/public/p2472822148.jpg
宇宙兄弟#0,9.3,日本,剧情,https://movie.douban.com/subject/25792658/,https://img3.doubanio.com/view/photo/s_ratio_poster/public/p2192962095.jpg
栗色小天使,9.3,日本,剧情,https://movie.douban.com/subject/2376466/,https://img3.doubanio.com/view/photo/s_ratio_poster/public/p2357157695.jpg
铃兰：少女萌的故事,9.3,日本,剧情,https://movie.douban.com/subject/2065097/,https://img3.doubanio.com/view/photo/s_ratio_poster/public/p2195973053.jpg
俺たちに明日はある,9.3,日本,剧情,https://movie.douban.com/subject/25934120/,https://img3.doubanio.com/view/photo/s_ratio_poster/public/p2195248973.jpg
阿信的故事,9.3,日本,剧情,https://movie.douban.com/subject/5173048/,https://img3.doubanio.com/view/photo/s_ratio_poster/public/p2502852036.jpg
千与千寻,9.2,日本,剧情,https://movie.douban.com/subject/1291561/,https://img3.doubanio.com/view/photo/s_ratio_poster/public/p1910830216.jpg
七武士,9.2,日本,剧情,https://movie.douban.com/subject/1295399/,https://img3.doubanio.com/view/photo/s_ratio_poster/public/p647099823.jpg
东京物语,9.2,日本,剧情,https://movie.douban.com/subject/1291568/,https://img3.doubanio.com/view/photo/s_ratio_poster/public/p1910832390.jpg
福音战士新剧场版：破,9.2,日本,剧情,https://movie.douban.com/subject/2567646/,https://img3.doubanio.com/view/photo/s_ratio_poster/public/p1026522114.jpg
切腹,9.2,日本,剧情,https://movie.douban.com/subject/1304920/,https://img3.doubanio.com/view/photo/s_ratio_poster/public/p2151748293.jpg
夏目友人帐：曾几何时下雪之日,9.2,日本,剧情,https://movie.douban.com/subject/25736048/,https://img3.doubanio.com/view/photo/s_ratio_poster/public/p2151897085.jpg
虎与龙SP,9.2,日本,剧情,https://movie.douban.com/subject/3118848/,https://img3.doubanio.com/view/photo/s_ratio_poster/public/p809505182.jpg
虫师 铃之滴,9.2,日本,剧情,https://movie.douban.com/subject/26287114/,https://img3.doubanio.com/view/photo/s_ratio_poster/public/p2237552672.jpg
新世纪福音战士剧场版：复兴,9.2,日本,剧情,https://movie.douban.com/subject/20458867/,https://img3.doubanio.com/view/photo/s_ratio_poster/public/p2227584460.jpg
机动战士高达 THE ORIGIN III 破晓的起义,9.2,日本,剧情,https://movie.douban.com/subject/26359261/,https://img3.doubanio.com/view/photo/s_ratio_poster/public/p2325456546.jpg
身毒丸,9.2,日本,剧情,https://movie.douban.com/subject/20326528/,https://img3.doubanio.com/lpic/s24131873.jpg
TAIMAGURA 奶奶,9.2,日本,剧情,https://movie.douban.com/subject/3391850/,https://img3.doubanio.com/lpic/s3521932.jpg
阿修羅城の瞳2003,9.2,日本,剧情,https://movie.douban.com/subject/26362349/,https://img3.doubanio.com/view/photo/s_ratio_poster/public/p2237542656.jpg
机动战士高达THE ORIGIN 激战 鲁姆战役篇,9.2,日本,剧情,https://movie.douban.com/subject/26919026/,https://img1.doubanio.com/view/photo/s_ratio_poster/public/p2495283318.jpg
牧野村千年物语,9.2,日本,剧情,https://movie.douban.com/subject/2268963/,https://img1.doubanio.com/view/photo/s_ratio_poster/public/p1447177777.jpg
卡里古拉,9.2,日本,剧情,https://movie.douban.com/subject/26843144/,https://img3.doubanio.com/view/photo/s_ratio_poster/public/p2369252025.jpg
最完美的离婚 2014特别篇,9.1,日本,剧情,https://movie.douban.com/subject/25790749/,https://img1.doubanio.com/view/photo/s_ratio_poster/public/p2186872257.jpg
女人步上楼梯时,9.1,日本,剧情,https://movie.douban.com/subject/1419479/,https://img3.doubanio.com/view/photo/s_ratio_poster/public/p2462525755.jpg
命运石之门：横行跋扈的浪荡之徒,9.1,日本,剧情,https://movie.douban.com/subject/10521690/,https://img3.doubanio.com/view/photo/s_ratio_poster/public/p1432532161.jpg
倒数第二次恋爱 2012秋SP,9.1,日本,剧情,https://movie.douban.com/subject/19955789/,https://img3.doubanio.com/view/photo/s_ratio_poster/public/p1998695160.jpg
情迷意乱,9.1,日本,剧情,https://movie.douban.com/subject/1422091/,https://img3.doubanio.com/view/photo/s_ratio_poster/public/p1449763371.jpg
机器的复兴：第1部,9.1,日本,剧情,https://movie.douban.com/subject/2049553/,https://img3.doubanio.com/view/photo/s_ratio_poster/public/p2189949483.jpg
虫师 续章 荆棘之路,9.1,日本,剧情,https://movie.douban.com/subject/25915882/,https://img3.doubanio.com/view/photo/s_ratio_poster/public/p2189258450.jpg
天元突破剧场版：螺岩篇,9.1,日本,剧情,https://movie.douban.com/subject/3727748/,https://img3.doubanio.com/view/photo/s_ratio_poster/public/p937216094.jpg
钢之炼金术师：那也是他的战场,9.1,日本,剧情,https://movie.douban.com/subject/5294292/,https://img1.doubanio.com/view/photo/s_ratio_poster/public/p2364730827.jpg
人间的条件(第五、六部),9.1,日本,剧情,https://movie.douban.com/subject/1441039/,https://img3.doubanio.com/view/photo/s_ratio_poster/public/p2327866185.jpg
蛮幽鬼,9.1,日本,剧情,https://movie.douban.com/subject/26425434/,https://img3.doubanio.com/view/photo/s_ratio_poster/public/p2385322366.jpg
忠犬八公物语,9.0,日本,剧情,https://movie.douban.com/subject/1959195/,https://img3.doubanio.com/view/photo/s_ratio_poster/public/p2297934945.jpg
无人知晓,9.0,日本,剧情,https://movie.douban.com/subject/1292337/,https://img3.doubanio.com/view/photo/s_ratio_poster/public/p661160053.jpg
攻壳机动队2：无罪,9.0,日本,剧情,https://movie.douban.com/subject/1291566/,https://img1.doubanio.com/view/photo/s_ratio_poster/public/p453466108.jpg
红鳉鱼,9.0,日本,剧情,https://movie.douban.com/subject/26266892/,https://img3.doubanio.com/view/photo/s_ratio_poster/public/p2315734512.jpg
凉宫春日的消失,9.0,日本,剧情,https://movie.douban.com/subject/4074292/,https://img3.doubanio.com/view/photo/s_ratio_poster/public/p2246432125.jpg
空之境界 第七章 杀人考察（后）,9.0,日本,剧情,https://movie.douban.com/subject/3399553/,https://img3.doubanio.com/view/photo/s_ratio_poster/public/p2202703811.jpg
生之欲,9.0,日本,剧情,https://movie.douban.com/subject/1293847/,https://img3.doubanio.com/view/photo/s_ratio_poster/public/p2327887726.jpg
空之境界 未来福音,9.1,日本,剧情,https://movie.douban.com/subject/11499092/,https://img1.doubanio.com/view/photo/s_ratio_poster/public/p2037135869.jpg
召唤恶魔阿萨谢尔OAD：路西法篇,9.0,日本,剧情,https://movie.douban.com/subject/10767534/,https://img3.doubanio.com/lpic/s10205921.jpg
机动战士高达：逆袭的夏亚,9.0,日本,剧情,https://movie.douban.com/subject/1401536/,https://img3.doubanio.com/view/photo/s_ratio_poster/public/p546980785.jpg
木更津猫眼 世界系列,9.0,日本,剧情,https://movie.douban.com/subject/1793394/,https://img3.doubanio.com/view/photo/s_ratio_poster/public/p764157116.jpg
古畑任三郎 最后之舞,9.0,日本,剧情,https://movie.douban.com/subject/10558406/,https://img3.doubanio.com/view/photo/s_ratio_poster/public/p2155138955.jpg
少女与战车 剧场版,9.0,日本,剧情,https://movie.douban.com/subject/24460604/,https://img1.doubanio.com/view/photo/s_ratio_poster/public/p2290872319.jpg
2112年 哆啦A梦诞生,9.0,日本,剧情,https://movie.douban.com/subject/3558793/,https://img3.doubanio.com/view/photo/s_ratio_poster/public/p1666603536.jpg
一碗阳春面,9.0,日本,剧情,https://movie.douban.com/subject/2062564/,https://img3.doubanio.com/view/photo/s_ratio_poster/public/p2182803213.jpg
8UPPERS FEATURE MUSIC FILM,9.0,日本,剧情,https://movie.douban.com/subject/6839118/,https://img1.doubanio.com/view/photo/s_ratio_poster/public/p1210671627.jpg
机动战士高达 THE ORIGIN IV 命运前夜,9.0,日本,剧情,https://movie.douban.com/subject/26359260/,https://img3.doubanio.com/view/photo/s_ratio_poster/public/p2409626594.jpg
水星领航员 OVA,9.0,日本,剧情,https://movie.douban.com/subject/2258612/,https://img3.doubanio.com/view/photo/s_ratio_poster/public/p2296508626.jpg
最游记外传OVA第三卷：萌芽之章,9.0,日本,剧情,https://movie.douban.com/subject/25703568/,https://img1.doubanio.com/view/photo/s_ratio_poster/public/p2096699907.jpg
空之境界 俯瞰风景3D,9.0,日本,剧情,https://movie.douban.com/subject/22297118/,https://img1.doubanio.com/view/photo/s_ratio_poster/public/p1970318059.jpg
寅次郎的故事15：鸳鸯伞,9.0,日本,剧情,https://movie.douban.com/subject/1416702/,https://img3.doubanio.com/view/photo/s_ratio_poster/public/p2333007611.jpg
乱莺,9.0,日本,剧情,https://movie.douban.com/subject/26897405/,https://img3.doubanio.com/view/photo/s_ratio_poster/public/p2461995492.jpg
浮浪云,9.0,日本,剧情,https://movie.douban.com/subject/5913049/,https://img3.doubanio.com/lpic/s6392033.jpg
出租车,9.6,韩国,剧情,https://movie.douban.com/subject/26994877/,https://img3.doubanio.com/view/photo/s_ratio_poster/public/p2445935214.jpg
徐谐仁短片“午夜出租车”,,韩国,剧情,https://movie.douban.com/subject/25960901/,https://img3.doubanio.com/view/photo/s_ratio_poster/public/p2196186376.jpg
The Day,9.1,韩国,剧情,https://movie.douban.com/subject/10527280/,https://img3.doubanio.com/view/photo/s_ratio_poster/public/p2166936751.jpg
辩护人,9.1,韩国,剧情,https://movie.douban.com/subject/21937445/,https://img3.doubanio.com/view/photo/s_ratio_poster/public/p2158166535.jpg
素媛,9.1,韩国,剧情,https://movie.douban.com/subject/21937452/,https://img3.doubanio.com/view/photo/s_ratio_poster/public/p2118532944.jpg
共犯者们,9.1,韩国,剧情,https://movie.douban.com/subject/27101775/,https://img3.doubanio.com/view/photo/s_ratio_poster/public/p2494631724.jpg
出租车司机冒险记,9.1,韩国,剧情,https://movie.douban.com/subject/4705150/,https://img3.doubanio.com/view/photo/s_ratio_poster/public/p2502580762.jpg
一个女人的一生,9.1,韩国,剧情,https://movie.douban.com/subject/3113812/,https://img3.doubanio.com/lpic/s7031795.jpg
我爱你,9.0,韩国,剧情,https://movie.douban.com/subject/5908478/,https://img1.doubanio.com/view/photo/s_ratio_poster/public/p1075591188.jpg
爱·回家,9.0,韩国,剧情,https://movie.douban.com/subject/1299361/,https://img3.doubanio.com/view/photo/s_ratio_poster/public/p2107418134.jpg
剧院魅影：25周年纪念演出,9.7,英国,剧情,https://movie.douban.com/subject/24751811/,https://img3.doubanio.com/view/photo/s_ratio_poster/public/p2006533765.jpg
憨豆先生精选辑,9.6,英国,剧情,https://movie.douban.com/subject/5133063/,https://img3.doubanio.com/view/photo/s_ratio_poster/public/p2354179225.jpg
天使在美国第二部：重建,9.6,英国,剧情,https://movie.douban.com/subject/27045950/,https://img3.doubanio.com/view/photo/s_ratio_poster/public/p2474462430.jpg
时空冒险,9.5,英国,剧情,https://movie.douban.com/subject/24298647/,https://img3.doubanio.com/view/photo/s_ratio_poster/public/p2173858926.jpg
跳出我天地音乐剧,9.5,英国,剧情,https://movie.douban.com/subject/26264388/,https://img3.doubanio.com/view/photo/s_ratio_poster/public/p2215874393.jpg
天使在美国第一部：千禧年降临,9.5,英国,剧情,https://movie.douban.com/subject/27021257/,https://img3.doubanio.com/view/photo/s_ratio_poster/public/p2455727120.jpg
绿洲MTV不插电演唱会,9.5,英国,剧情,https://movie.douban.com/subject/3827301/,https://img3.doubanio.com/lpic/s4099993.jpg
飄,9.5,英国,剧情,https://movie.douban.com/subject/26555978/,https://img3.doubanio.com/view/photo/s_ratio_poster/public/p2256610543.jpg
文艺趣向,9.5,英国,剧情,https://movie.douban.com/subject/26637592/,https://img3.doubanio.com/view/photo/s_ratio_poster/public/p2325812941.jpg
唐顿庄园：2015圣诞特别篇,9.4,英国,剧情,https://movie.douban.com/subject/26320001/,https://img3.doubanio.com/view/photo/s_ratio_poster/public/p2292519115.jpg
弗兰肯斯坦,9.4,英国,剧情,https://movie.douban.com/subject/10508921/,https://img3.doubanio.com/view/photo/s_ratio_poster/public/p2252273146.jpg
控方证人,9.4,英国,剧情,https://movie.douban.com/subject/5294851/,https://img3.doubanio.com/view/photo/s_ratio_poster/public/p2367853261.jpg
小巨人 3D,9.4,英国,剧情,https://movie.douban.com/subject/26278784/,https://img3.doubanio.com/view/photo/s_ratio_poster/public/p2231893270.jpg
神秘博士2005慈善特辑：帮助儿童,9.4,英国,剧情,https://movie.douban.com/subject/10577674/,https://img3.doubanio.com/lpic/s11088020.jpg
博弈论,9.4,英国,剧情,https://movie.douban.com/subject/3272459/,https://img3.doubanio.com/lpic/s4495422.jpg
Christina Aguilera: Back to Basics - Live and Down Under,9.4,英国,剧情,https://movie.douban.com/subject/3060405/,https://img3.doubanio.com/view/photo/s_ratio_poster/public/p2498697744.jpg
保罗·爱丁顿：好人一生,9.4,英国,剧情,https://movie.douban.com/subject/5990158/,https://img3.doubanio.com/lpic/s4644832.jpg
土豆工厂,9.3,英国,剧情,https://movie.douban.com/subject/1793083/,https://img3.doubanio.com/view/photo/s_ratio_poster/public/p2233036824.jpg
盗梦空间,9.3,英国,剧情,https://movie.douban.com/subject/3541415/,https://img3.doubanio.com/view/photo/s_ratio_poster/public/p513344864.jpg
极品基老伴：完结篇,9.3,英国,剧情,https://movie.douban.com/subject/26700818/,https://img3.doubanio.com/view/photo/s_ratio_poster/public/p2360539785.jpg
神秘博士特别篇：时间尽头(下),9.3,英国,剧情,https://movie.douban.com/subject/4215755/,https://img1.doubanio.com/view/photo/s_ratio_poster/public/p2151699747.jpg
当哈利离别霍格沃茨,9.3,英国,剧情,https://movie.douban.com/subject/7053733/,https://img3.doubanio.com/view/photo/s_ratio_poster/public/p2155293242.jpg
女王召见,9.3,英国,剧情,https://movie.douban.com/subject/25717552/,https://img3.doubanio.com/view/photo/s_ratio_poster/public/p2119628656.jpg
绿翼：圣诞特别篇,9.3,英国,剧情,https://movie.douban.com/subject/10535616/,https://img1.doubanio.com/view/photo/s_ratio_poster/public/p2173751587.jpg
幕后危机(特别版),9.3,英国,剧情,https://movie.douban.com/subject/10573682/,https://img3.doubanio.com/lpic/s9014491.jpg
霍洛维茨伦敦钢琴独奏会,9.3,英国,剧情,https://movie.douban.com/subject/2342122/,https://img3.doubanio.com/lpic/s4184172.jpg
忠犬八公的故事,9.2,英国,剧情,https://movie.douban.com/subject/3011091/,https://img3.doubanio.com/view/photo/s_ratio_poster/public/p524964016.jpg
父与女,9.2,英国,剧情,https://movie.douban.com/subject/1300395/,https://img1.doubanio.com/view/photo/s_ratio_poster/public/p2318217897.jpg
唐顿庄园：2011圣诞特别篇,9.2,英国,剧情,https://movie.douban.com/subject/6870362/,https://img1.doubanio.com/view/photo/s_ratio_poster/public/p1711501188.jpg
蒙哥,9.2,英国,剧情,https://movie.douban.com/subject/3012012/,https://img3.doubanio.com/view/photo/s_ratio_poster/public/p1214028386.jpg
神秘博士特别篇：时间尽头(上),9.2,英国,剧情,https://movie.douban.com/subject/4215662/,https://img1.doubanio.com/lpic/s4118059.jpg
神秘博士：时间冲撞,9.2,英国,剧情,https://movie.douban.com/subject/4188543/,https://img1.doubanio.com/lpic/s6788929.jpg
福尔摩斯：斑点带子案,9.2,英国,剧情,https://movie.douban.com/subject/3231171/,https://img1.doubanio.com/lpic/s3278159.jpg
最后一案,9.2,英国,剧情,https://movie.douban.com/subject/3603187/,https://img1.doubanio.com/lpic/s3662829.jpg
住院的病人,9.2,英国,剧情,https://movie.douban.com/subject/3603173/,https://img3.doubanio.com/lpic/s3662833.jpg
布鲁斯—帕廷顿计划,9.2,英国,剧情,https://movie.douban.com/subject/3607057/,https://img3.doubanio.com/lpic/s3666973.jpg
呼叫助产士：2012圣诞特别篇,9.2,英国,剧情,https://movie.douban.com/subject/20494747/,https://img3.doubanio.com/view/photo/s_ratio_poster/public/p2174965075.jpg
呼叫助产士：2013圣诞特别篇,9.2,英国,剧情,https://movie.douban.com/subject/25702328/,https://img1.doubanio.com/view/photo/s_ratio_poster/public/p2174965118.jpg
灵力魔术师达伦布朗秀,9.2,英国,剧情,https://movie.douban.com/subject/1890430/,https://img3.doubanio.com/lpic/s3732021.jpg
怒海英雄：回报,9.2,英国,剧情,https://movie.douban.com/subject/1889703/,https://img3.doubanio.com/view/photo/s_ratio_poster/public/p2278610124.jpg
清秀佳人第二部,9.2,英国,剧情,https://movie.douban.com/subject/5047697/,https://img1.doubanio.com/lpic/s9042667.jpg
Tuesday,9.2,英国,剧情,https://movie.douban.com/subject/1783531/,https://img1.doubanio.com/lpic/s1798118.jpg
星际穿越,9.1,英国,剧情,https://movie.douban.com/subject/1889243/,https://img3.doubanio.com/view/photo/s_ratio_poster/public/p2206088801.jpg
黑镜：圣诞特别篇,9.1,英国,剧情,https://movie.douban.com/subject/25964630/,https://img3.doubanio.com/view/photo/s_ratio_poster/public/p2233676442.jpg
人鼠之间,9.1,英国,剧情,https://movie.douban.com/subject/26431592/,https://img3.doubanio.com/view/photo/s_ratio_poster/public/p2252276881.jpg
第二块血迹,9.1,英国,剧情,https://movie.douban.com/subject/3607018/,https://img3.doubanio.com/lpic/s3667582.jpg
魔鬼之足,9.1,英国,剧情,https://movie.douban.com/subject/3607038/,https://img3.doubanio.com/lpic/s3666952.jpg
银色马,9.1,英国,剧情,https://movie.douban.com/subject/3607042/,https://img1.doubanio.com/lpic/s3666958.jpg
弗朗西斯·卡法克斯女士失踪案,9.1,英国,剧情,https://movie.douban.com/subject/3610756/,https://img3.doubanio.com/lpic/s3732060.jpg
炼狱,9.1,英国,剧情,https://movie.douban.com/subject/26288174/,https://img3.doubanio.com/view/photo/s_ratio_poster/public/p2403960244.jpg
临时演员圣诞特辑,9.1,英国,剧情,https://movie.douban.com/subject/2377036/,https://img3.doubanio.com/lpic/s3914200.jpg
街头友爱之情,9.1,英国,剧情,https://movie.douban.com/subject/2255927/,https://img3.doubanio.com/lpic/s3723040.jpg
出租车司机冒险记,9.1,英国,剧情,https://movie.douban.com/subject/4705150/,https://img3.doubanio.com/view/photo/s_ratio_poster/public/p2502580762.jpg
后街男孩：二十年全记录,9.0,英国,剧情,https://movie.douban.com/subject/25978132/,https://img3.doubanio.com/view/photo/s_ratio_poster/public/p2217658986.jpg
水獭塔卡,9.1,英国,剧情,https://movie.douban.com/subject/2016065/,https://img3.doubanio.com/view/photo/s_ratio_poster/public/p2190708371.jpg
怒海英雄：忠诚,9.1,英国,剧情,https://movie.douban.com/subject/1889706/,https://img3.doubanio.com/view/photo/s_ratio_poster/public/p2325137626.jpg
怒海英雄：叛乱,9.1,英国,剧情,https://movie.douban.com/subject/1889700/,https://img1.doubanio.com/lpic/s1832238.jpg
贝尔斯通之狐,9.1,英国,剧情,https://movie.douban.com/subject/1840488/,https://img1.doubanio.com/view/photo/s_ratio_poster/public/p2496732019.jpg
影子大地,9.1,英国,剧情,https://movie.douban.com/subject/1299515/,https://img3.doubanio.com/view/photo/s_ratio_poster/public/p2427877973.jpg
神秘博士圣诞时刻,9.1,英国,剧情,https://movie.douban.com/subject/21354158/,https://img3.doubanio.com/lpic/s24976003.jpg
歌唱神探,9.1,英国,剧情,https://movie.douban.com/subject/1499667/,https://img3.doubanio.com/lpic/s4178164.jpg
少年派的奇幻漂流,9.0,英国,剧情,https://movie.douban.com/subject/1929463/,https://img3.doubanio.com/view/photo/s_ratio_poster/public/p1784592701.jpg
蝙蝠侠：黑暗骑士,9.0,英国,剧情,https://movie.douban.com/subject/1851857/,https://img3.doubanio.com/view/photo/s_ratio_poster/public/p462657443.jpg
两杆大烟枪,9.0,英国,剧情,https://movie.douban.com/subject/1293350/,https://img1.doubanio.com/view/photo/s_ratio_poster/public/p792443418.jpg
钢琴家,9.0,英国,剧情,https://movie.douban.com/subject/1296736/,https://img3.doubanio.com/view/photo/s_ratio_poster/public/p792484461.jpg
远在天边,9.0,英国,剧情,https://movie.douban.com/subject/3358309/,https://img3.doubanio.com/view/photo/s_ratio_poster/public/p2249033592.jpg
神探夏洛克：福至如归,9.0,英国,剧情,https://movie.douban.com/subject/25798411/,https://img3.doubanio.com/view/photo/s_ratio_poster/public/p2412522760.jpg
神秘博士：火星之水,9.0,英国,剧情,https://movie.douban.com/subject/4144683/,https://img3.doubanio.com/view/photo/s_ratio_poster/public/p2151616662.jpg
流浪者之歌,9.0,英国,剧情,https://movie.douban.com/subject/1303525/,https://img3.doubanio.com/view/photo/s_ratio_poster/public/p2267333084.jpg
特里·普拉切特：选择死亡,9.0,英国,剧情,https://movie.douban.com/subject/6527249/,https://img3.doubanio.com/view/photo/s_ratio_poster/public/p2228172754.jpg
福尔摩斯：跳舞的人,9.0,英国,剧情,https://movie.douban.com/subject/3230514/,https://img3.doubanio.com/lpic/s3662420.jpg
四签名,9.0,英国,剧情,https://movie.douban.com/subject/3130431/,https://img3.doubanio.com/lpic/s3662874.jpg
格兰其庄园,9.0,英国,剧情,https://movie.douban.com/subject/3603220/,https://img3.doubanio.com/lpic/s3662865.jpg
北大西洋,9.0,英国,剧情,https://movie.douban.com/subject/5152997/,https://img1.doubanio.com/lpic/s11180939.jpg
战马,9.0,英国,剧情,https://movie.douban.com/subject/25768090/,https://img3.doubanio.com/view/photo/s_ratio_poster/public/p2172204665.jpg
彩虹,9.0,英国,剧情,https://movie.douban.com/subject/1971485/,https://img3.doubanio.com/view/photo/s_ratio_poster/public/p503390374.jpg
呼叫助产士：2014圣诞特别篇,9.0,英国,剧情,https://movie.douban.com/subject/25986298/,https://img1.doubanio.com/view/photo/s_ratio_poster/public/p2259011769.jpg
怒海英雄：火攻船,9.0,英国,剧情,https://movie.douban.com/subject/1889694/,https://img3.doubanio.com/view/photo/s_ratio_poster/public/p2278610371.jpg
怒海英雄：公爵夫人与恶魔,9.0,英国,剧情,https://movie.douban.com/subject/1889695/,https://img3.doubanio.com/view/photo/s_ratio_poster/public/p2278607774.jpg
乔治·奥威尔：影像人生,9.0,英国,剧情,https://movie.douban.com/subject/3122752/,https://img1.doubanio.com/view/photo/s_ratio_poster/public/p2495851367.jpg
莫扎特 歌剧《唐·乔万尼》（唐璜）,9.0,英国,剧情,https://movie.douban.com/subject/1877242/,https://img3.doubanio.com/lpic/s1812251.jpg
胡桃夹子,9.0,英国,剧情,https://movie.douban.com/subject/3220585/,https://img3.doubanio.com/lpic/s3264335.jpg
歌厅,9.0,英国,剧情,https://movie.douban.com/subject/4047130/,https://img3.doubanio.com/lpic/s8807056.jpg
这个杀手不太冷,9.4,法国,剧情,https://movie.douban.com/subject/1295644/,https://img3.doubanio.com/view/photo/s_ratio_poster/public/p511118051.jpg
土豆工厂,9.3,法国,剧情,https://movie.douban.com/subject/1793083/,https://img3.doubanio.com/view/photo/s_ratio_poster/public/p2233036824.jpg
巴黎圣母院,9.3,法国,剧情,https://movie.douban.com/subject/20326557/,https://img3.doubanio.com/view/photo/s_ratio_poster/public/p2329626263.jpg
The Work of Director Michel Gondry,9.3,法国,剧情,https://movie.douban.com/subject/1400646/,https://img3.doubanio.com/lpic/s1408962.jpg
罗密欧与朱丽叶,9.3,法国,剧情,https://movie.douban.com/subject/25928148/,https://img3.doubanio.com/view/photo/s_ratio_poster/public/p2224933614.jpg
冰上卡门,9.3,法国,剧情,https://movie.douban.com/subject/1998081/,https://img3.doubanio.com/lpic/s4044014.jpg
放牛班的春天,9.2,法国,剧情,https://movie.douban.com/subject/1291549/,https://img3.doubanio.com/view/photo/s_ratio_poster/public/p1910824951.jpg
调音师,9.2,法国,剧情,https://movie.douban.com/subject/6846495/,https://img1.doubanio.com/view/photo/s_ratio_poster/public/p1529066859.jpg
洞,9.2,法国,剧情,https://movie.douban.com/subject/1424334/,https://img3.doubanio.com/view/photo/s_ratio_poster/public/p1184780820.jpg
请以你的名字呼唤我,9.2,法国,剧情,https://movie.douban.com/subject/26799731/,https://img3.doubanio.com/view/photo/s_ratio_poster/public/p2505525050.jpg
触不可及,9.1,法国,剧情,https://movie.douban.com/subject/6786002/,https://img3.doubanio.com/view/photo/s_ratio_poster/public/p1454261925.jpg
天堂电影院,9.1,法国,剧情,https://movie.douban.com/subject/1291828/,https://img3.doubanio.com/view/photo/s_ratio_poster/public/p1910901025.jpg
雇佣人生,9.1,法国,剧情,https://movie.douban.com/subject/3823425/,https://img3.doubanio.com/view/photo/s_ratio_poster/public/p2027109343.jpg
地下,9.1,法国,剧情,https://movie.douban.com/subject/1292206/,https://img3.doubanio.com/view/photo/s_ratio_poster/public/p1833776334.jpg
熊的故事,9.1,法国,剧情,https://movie.douban.com/subject/1300334/,https://img3.doubanio.com/view/photo/s_ratio_poster/public/p2454268056.jpg
卡门,9.1,法国,剧情,https://movie.douban.com/subject/1448669/,https://img3.doubanio.com/view/photo/s_ratio_poster/public/p2500317262.jpg
阿德尔曼夫妇,9.1,法国,剧情,https://movie.douban.com/subject/26951692/,https://img3.doubanio.com/view/photo/s_ratio_poster/public/p2417978591.jpg
奥菲欧与尤丽狄茜,9.1,法国,剧情,https://movie.douban.com/subject/2999288/,https://img3.doubanio.com/view/photo/s_ratio_poster/public/p2186607455.jpg
钢琴家,9.0,法国,剧情,https://movie.douban.com/subject/1296736/,https://img3.doubanio.com/view/photo/s_ratio_poster/public/p792484461.jpg
精神分裂症,9.0,法国,剧情,https://movie.douban.com/subject/3262918/,https://img3.doubanio.com/view/photo/s_ratio_poster/public/p857148064.jpg
沉静如海,9.0,法国,剧情,https://movie.douban.com/subject/1769507/,https://img3.doubanio.com/view/photo/s_ratio_poster/public/p2365157916.jpg
卡比利亚之夜,9.0,法国,剧情,https://movie.douban.com/subject/1294781/,https://img3.doubanio.com/view/photo/s_ratio_poster/public/p922159253.jpg
宝琳和宝莱特,9.0,法国,剧情,https://movie.douban.com/subject/1756409/,https://img3.doubanio.com/lpic/s1627894.jpg
悲惨世界,9.0,法国,剧情,https://movie.douban.com/subject/1963348/,https://img3.doubanio.com/lpic/s1992371.jpg
金球,9.0,法国,剧情,https://movie.douban.com/subject/3134269/,https://img1.doubanio.com/view/photo/s_ratio_poster/public/p2251344879.jpg
疯马秀,9.0,法国,剧情,https://movie.douban.com/subject/24706615/,https://img1.doubanio.com/view/photo/s_ratio_poster/public/p2154959558.jpg
伊丽莎白,9.6,德国,剧情,https://movie.douban.com/subject/24877005/,https://img3.doubanio.com/view/photo/s_ratio_poster/public/p2264336223.jpg
Christina Aguilera: Back to Basics - Live and Down Under,9.4,德国,剧情,https://movie.douban.com/subject/3060405/,https://img3.doubanio.com/view/photo/s_ratio_poster/public/p2498697744.jpg
冰上卡门,9.3,德国,剧情,https://movie.douban.com/subject/1998081/,https://img3.doubanio.com/lpic/s4044014.jpg
放牛班的春天,9.2,德国,剧情,https://movie.douban.com/subject/1291549/,https://img3.doubanio.com/view/photo/s_ratio_poster/public/p1910824951.jpg
塞维利亚的理发师,9.2,德国,剧情,https://movie.douban.com/subject/1772046/,https://img3.doubanio.com/lpic/s1643193.jpg
祖母的照相馆,9.2,德国,剧情,https://movie.douban.com/subject/11587751/,https://img3.doubanio.com/view/photo/s_ratio_poster/public/p1659366674.jpg
布兰诗歌,9.2,德国,剧情,https://movie.douban.com/subject/3711072/,https://img3.doubanio.com/lpic/s3764132.jpg
窃听风暴,9.1,德国,剧情,https://movie.douban.com/subject/1900841/,https://img1.doubanio.com/view/photo/s_ratio_poster/public/p1808872109.jpg
地下,9.1,德国,剧情,https://movie.douban.com/subject/1292206/,https://img3.doubanio.com/view/photo/s_ratio_poster/public/p1833776334.jpg
纽伦堡的审判,9.1,德国,剧情,https://movie.douban.com/subject/1292589/,https://img3.doubanio.com/view/photo/s_ratio_poster/public/p922207281.jpg
费加罗的婚礼,9.1,德国,剧情,https://movie.douban.com/subject/1797500/,https://img1.doubanio.com/view/photo/s_ratio_poster/public/p2272483089.jpg
奥菲欧与尤丽狄茜,9.1,德国,剧情,https://movie.douban.com/subject/2999288/,https://img3.doubanio.com/view/photo/s_ratio_poster/public/p2186607455.jpg
金秋：与时间赛跑,9.1,德国,剧情,https://movie.douban.com/subject/5152067/,https://img3.doubanio.com/lpic/s7020675.jpg
钢琴家,9.0,德国,剧情,https://movie.douban.com/subject/1296736/,https://img3.doubanio.com/view/photo/s_ratio_poster/public/p792484461.jpg
平衡,9.0,德国,剧情,https://movie.douban.com/subject/1408100/,https://img1.doubanio.com/view/photo/s_ratio_poster/public/p2454473678.jpg
沉静如海,9.0,德国,剧情,https://movie.douban.com/subject/1769507/,https://img3.doubanio.com/view/photo/s_ratio_poster/public/p2365157916.jpg
从海底出击,9.0,德国,剧情,https://movie.douban.com/subject/1293909/,https://img3.doubanio.com/view/photo/s_ratio_poster/public/p2088879323.jpg
威尔第 歌剧电影《弄臣》,9.0,德国,剧情,https://movie.douban.com/subject/1443651/,https://img3.doubanio.com/lpic/s1459982.jpg
莱茵的黄金,9.0,德国,剧情,https://movie.douban.com/subject/1299379/,https://img3.doubanio.com/lpic/s2670595.jpg
美丽人生,9.5,意大利,剧情,https://movie.douban.com/subject/1292063/,https://img3.doubanio.com/view/photo/s_ratio_poster/public/p510861873.jpg
灿烂人生,9.3,意大利,剧情,https://movie.douban.com/subject/1291831/,https://img3.doubanio.com/view/photo/s_ratio_poster/public/p1161132422.jpg
海上钢琴师,9.2,意大利,剧情,https://movie.douban.com/subject/1292001/,https://img1.doubanio.com/view/photo/s_ratio_poster/public/p511146807.jpg
洞,9.2,意大利,剧情,https://movie.douban.com/subject/1424334/,https://img3.doubanio.com/view/photo/s_ratio_poster/public/p1184780820.jpg
请以你的名字呼唤我,9.2,意大利,剧情,https://movie.douban.com/subject/26799731/,https://img3.doubanio.com/view/photo/s_ratio_poster/public/p2505525050.jpg
塞维利亚的理发师,9.2,意大利,剧情,https://movie.douban.com/subject/1772046/,https://img3.doubanio.com/lpic/s1643193.jpg
天堂电影院,9.1,意大利,剧情,https://movie.douban.com/subject/1291828/,https://img3.doubanio.com/view/photo/s_ratio_poster/public/p1910901025.jpg
美国往事,9.1,意大利,剧情,https://movie.douban.com/subject/1292262/,https://img1.doubanio.com/view/photo/s_ratio_poster/public/p477229647.jpg
黄金三镖客,9.1,意大利,剧情,https://movie.douban.com/subject/1401118/,https://img1.doubanio.com/view/photo/s_ratio_poster/public/p2101693489.jpg
革命往事,9.1,意大利,剧情,https://movie.douban.com/subject/1301026/,https://img1.doubanio.com/view/photo/s_ratio_poster/public/p2206010357.jpg
费加罗的婚礼,9.1,意大利,剧情,https://movie.douban.com/subject/1797500/,https://img1.doubanio.com/view/photo/s_ratio_poster/public/p2272483089.jpg
卡比利亚之夜,9.0,意大利,剧情,https://movie.douban.com/subject/1294781/,https://img3.doubanio.com/view/photo/s_ratio_poster/public/p922159253.jpg
流浪者之歌,9.0,意大利,剧情,https://movie.douban.com/subject/1303525/,https://img3.doubanio.com/view/photo/s_ratio_poster/public/p2267333084.jpg
海蒂,9.0,意大利,剧情,https://movie.douban.com/subject/1925081/,https://img3.doubanio.com/view/photo/s_ratio_poster/public/p2270779943.jpg
威尔第 歌剧电影《弄臣》,9.0,意大利,剧情,https://movie.douban.com/subject/1443651/,https://img3.doubanio.com/lpic/s1459982.jpg
铁路员工,9.0,意大利,剧情,https://movie.douban.com/subject/1306166/,https://img3.doubanio.com/view/photo/s_ratio_poster/public/p2417257193.jpg
莫扎特 歌剧《唐·乔万尼》（唐璜）,9.0,意大利,剧情,https://movie.douban.com/subject/1877242/,https://img3.doubanio.com/lpic/s1812251.jpg
塔可夫斯基的潜行者,9.6,西班牙,剧情,https://movie.douban.com/subject/4100973/,https://img3.doubanio.com/view/photo/s_ratio_poster/public/p2153601890.jpg
黄金三镖客,9.1,西班牙,剧情,https://movie.douban.com/subject/1401118/,https://img1.doubanio.com/view/photo/s_ratio_poster/public/p2101693489.jpg
三傻大闹宝莱坞,9.1,印度,剧情,https://movie.douban.com/subject/3793023/,https://img3.doubanio.com/view/photo/s_ratio_poster/public/p579729551.jpg
摔跤吧！爸爸,9.1,印度,剧情,https://movie.douban.com/subject/26387939/,https://img3.doubanio.com/view/photo/s_ratio_poster/public/p2457983084.jpg
塔可夫斯基的潜行者,9.6,俄罗斯,剧情,https://movie.douban.com/subject/4100973/,https://img3.doubanio.com/view/photo/s_ratio_poster/public/p2153601890.jpg
战争与和平3：1812年,9.2,俄罗斯,剧情,https://movie.douban.com/subject/1303079/,https://img3.doubanio.com/lpic/s2891696.jpg
战争与和平4：皮埃尔·别祖霍夫,9.2,俄罗斯,剧情,https://movie.douban.com/subject/1297822/,https://img1.doubanio.com/lpic/s2891698.jpg
青春禁忌游戏,9.2,俄罗斯,剧情,https://movie.douban.com/subject/4264111/,https://img3.doubanio.com/lpic/s7063443.jpg
小猫虎子,9.1,俄罗斯,剧情,https://movie.douban.com/subject/2173840/,https://img1.doubanio.com/view/photo/s_ratio_poster/public/p2376412788.jpg
战争与和平2：娜塔莎·罗斯托娃,9.1,俄罗斯,剧情,https://movie.douban.com/subject/1303712/,https://img3.doubanio.com/lpic/s11185314.jpg
士兵之歌,9.0,俄罗斯,剧情,https://movie.douban.com/subject/1295614/,https://img1.doubanio.com/view/photo/s_ratio_poster/public/p806332287.jpg
我是古巴,9.0,俄罗斯,剧情,https://movie.douban.com/subject/1432669/,https://img3.doubanio.com/view/photo/s_ratio_poster/public/p2232357924.jpg
白比姆黑耳朵,9.0,俄罗斯,剧情,https://movie.douban.com/subject/1465465/,https://img1.doubanio.com/lpic/s1483487.jpg
战争与和平1：安德烈·博尔孔斯基,9.0,俄罗斯,剧情,https://movie.douban.com/subject/1298257/,https://img3.doubanio.com/lpic/s11185313.jpg
喀山孤兒,9.0,俄罗斯,剧情,https://movie.douban.com/subject/4040438/,https://img3.doubanio.com/lpic/s3982254.jpg
小鞋子,9.2,伊朗,剧情,https://movie.douban.com/subject/1303021/,https://img3.doubanio.com/view/photo/s_ratio_poster/public/p2173580603.jpg
清秀佳人第二部,9.2,加拿大,剧情,https://movie.douban.com/subject/5047697/,https://img1.doubanio.com/lpic/s9042667.jpg
太阳马戏团：魔幻森林,9.2,加拿大,剧情,https://movie.douban.com/subject/1451478/,https://img3.doubanio.com/lpic/s1463631.jpg
星际穿越,9.1,加拿大,剧情,https://movie.douban.com/subject/1889243/,https://img3.doubanio.com/view/photo/s_ratio_poster/public/p2206088801.jpg
车轮不息,9.1,加拿大,剧情,https://movie.douban.com/subject/19955871/,https://img3.doubanio.com/view/photo/s_ratio_poster/public/p1820625966.jpg
小丘月圆,9.1,加拿大,剧情,https://movie.douban.com/subject/1302752/,https://img3.doubanio.com/view/photo/s_ratio_poster/public/p2334104591.jpg
大海的孩子,9.1,加拿大,剧情,https://movie.douban.com/subject/3274441/,https://img3.doubanio.com/view/photo/s_ratio_poster/public/p2206274006.jpg
少年派的奇幻漂流,9.0,加拿大,剧情,https://movie.douban.com/subject/1929463/,https://img3.doubanio.com/view/photo/s_ratio_poster/public/p1784592701.jpg
彩虹,9.0,加拿大,剧情,https://movie.douban.com/subject/1971485/,https://img3.doubanio.com/view/photo/s_ratio_poster/public/p503390374.jpg
土豆工厂,9.3,澳大利亚,剧情,https://movie.douban.com/subject/1793083/,https://img3.doubanio.com/view/photo/s_ratio_poster/public/p2233036824.jpg
奥菲欧与尤丽狄茜,9.1,澳大利亚,剧情,https://movie.douban.com/subject/2999288/,https://img3.doubanio.com/view/photo/s_ratio_poster/public/p2186607455.jpg
负重前行,9.0,澳大利亚,剧情,https://movie.douban.com/subject/26793157/,https://img1.doubanio.com/view/photo/s_ratio_poster/public/p2495304867.jpg
Arch Enemy: Tyrants of the Rising Sun,9.6,瑞典,剧情,https://movie.douban.com/subject/4170515/,https://img3.doubanio.com/lpic/s4078391.jpg
爱玛和丹尼尔的夏天,9.2,瑞典,剧情,https://movie.douban.com/subject/2258917/,https://img1.doubanio.com/lpic/s2704847.jpg
狩猎,9.0,瑞典,剧情,https://movie.douban.com/subject/6985810/,https://img1.doubanio.com/view/photo/s_ratio_poster/public/p1546987967.jpg
后院,9.0,瑞典,剧情,https://movie.douban.com/subject/6539394/,https://img3.doubanio.com/lpic/s6938232.jpg
请以你的名字呼唤我,9.2,巴西,剧情,https://movie.douban.com/subject/26799731/,https://img3.doubanio.com/view/photo/s_ratio_poster/public/p2505525050.jpg
垃圾场中仙乐扬,9.1,巴西,剧情,https://movie.douban.com/subject/20443027/,https://img3.doubanio.com/view/photo/s_ratio_poster/public/p2282366003.jpg
狩猎,9.0,丹麦,剧情,https://movie.douban.com/subject/6985810/,https://img1.doubanio.com/view/photo/s_ratio_poster/public/p1546987967.jpg
克拉姆一家,9.0,丹麦,剧情,https://movie.douban.com/subject/1769053/,https://img3.doubanio.com/lpic/s1646160.jpg
岁城璃心-鬼蜮咒原,9.0,大陆,动作,https://movie.douban.com/subject/26298852/,https://img3.doubanio.com/view/photo/s_ratio_poster/public/p2243669803.jpg
魔法门之英雄无敌3：死亡阴影,9.5,美国,动作,https://movie.douban.com/subject/4935231/,https://img3.doubanio.com/lpic/s4432480.jpg
疑犯追踪 试播集,9.4,美国,动作,https://movie.douban.com/subject/24700683/,https://img1.doubanio.com/view/photo/s_ratio_poster/public/p1974739828.jpg
UFC一百场最伟大的比赛,9.4,美国,动作,https://movie.douban.com/subject/4169014/,https://img1.doubanio.com/lpic/s4077247.jpg
盗梦空间,9.3,美国,动作,https://movie.douban.com/subject/3541415/,https://img3.doubanio.com/view/photo/s_ratio_poster/public/p513344864.jpg
守望先锋：双龙,9.3,美国,动作,https://movie.douban.com/subject/26860017/,https://img3.doubanio.com/view/photo/s_ratio_poster/public/p2417863546.jpg
守望先锋：荣耀,9.3,美国,动作,https://movie.douban.com/subject/27191474/,https://img3.doubanio.com/view/photo/s_ratio_poster/public/p2504236053.jpg
疯狂动物城,9.2,美国,动作,https://movie.douban.com/subject/25662329/,https://img1.doubanio.com/view/photo/s_ratio_poster/public/p2315672647.jpg
教父,9.2,美国,动作,https://movie.douban.com/subject/1291841/,https://img3.doubanio.com/view/photo/s_ratio_poster/public/p2190556185.jpg
王的哲♂学摔跤,9.2,美国,动作,https://movie.douban.com/subject/2245557/,https://img3.doubanio.com/view/photo/s_ratio_poster/public/p2180258143.jpg
天旋地转,9.2,美国,动作,https://movie.douban.com/subject/5150857/,https://img3.doubanio.com/lpic/s11164566.jpg
指环王3：王者无敌,9.1,美国,动作,https://movie.douban.com/subject/1291552/,https://img3.doubanio.com/view/photo/s_ratio_poster/public/p1910825503.jpg
教父2,9.1,美国,动作,https://movie.douban.com/subject/1299131/,https://img1.doubanio.com/view/photo/s_ratio_poster/public/p2194138787.jpg
黄金三镖客,9.1,美国,动作,https://movie.douban.com/subject/1401118/,https://img1.doubanio.com/view/photo/s_ratio_poster/public/p2101693489.jpg
攀登梅鲁峰,9.1,美国,动作,https://movie.douban.com/subject/26276373/,https://img3.doubanio.com/view/photo/s_ratio_poster/public/p2286660380.jpg
德鲁大叔,9.1,美国,动作,https://movie.douban.com/subject/26665408/,https://img3.doubanio.com/view/photo/s_ratio_poster/public/p2401288743.jpg
梦之帝国：星球大战三部曲的故事,9.1,美国,动作,https://movie.douban.com/subject/3429411/,https://img3.doubanio.com/lpic/s3556582.jpg
蝙蝠侠：黑暗骑士,9.0,美国,动作,https://movie.douban.com/subject/1851857/,https://img3.doubanio.com/view/photo/s_ratio_poster/public/p462657443.jpg
两杆大烟枪,9.0,美国,动作,https://movie.douban.com/subject/1293350/,https://img1.doubanio.com/view/photo/s_ratio_poster/public/p792443418.jpg
将军号,9.0,美国,动作,https://movie.douban.com/subject/1292778/,https://img3.doubanio.com/view/photo/s_ratio_poster/public/p2248676081.jpg
稻草人,9.0,美国,动作,https://movie.douban.com/subject/1867778/,https://img1.doubanio.com/view/photo/s_ratio_poster/public/p2503556327.jpg
李小龙：勇士的旅程,9.0,美国,动作,https://movie.douban.com/subject/1305710/,https://img3.doubanio.com/view/photo/s_ratio_poster/public/p2267330935.jpg
双X：这个游戏的名称,9.0,美国,动作,https://movie.douban.com/subject/1294819/,https://img3.doubanio.com/lpic/s3932346.jpg
救援,9.0,美国,动作,https://movie.douban.com/subject/26584512/,https://img1.doubanio.com/view/photo/s_ratio_poster/public/p2260451878.jpg
大话西游之大圣娶亲,9.2,香港,动作,https://movie.douban.com/subject/1292213/,https://img3.doubanio.com/view/photo/s_ratio_poster/public/p2455050536.jpg
无间道,9.0,香港,动作,https://movie.douban.com/subject/1307914/,https://img3.doubanio.com/view/photo/s_ratio_poster/public/p2233971046.jpg
上海滩,9.0,香港,动作,https://movie.douban.com/subject/6311260/,https://img3.doubanio.com/view/photo/s_ratio_poster/public/p2344833803.jpg
李小龙：勇士的旅程,9.0,香港,动作,https://movie.douban.com/subject/1305710/,https://img3.doubanio.com/view/photo/s_ratio_poster/public/p2267330935.jpg
新世纪福音战士剧场版：Air/真心为你,9.4,日本,动作,https://movie.douban.com/subject/1308892/,https://img1.doubanio.com/view/photo/s_ratio_poster/public/p2199653749.jpg
银魂完结篇：直到永远的万事屋,9.3,日本,动作,https://movie.douban.com/subject/11615927/,https://img3.doubanio.com/view/photo/s_ratio_poster/public/p2258024316.jpg
七武士,9.2,日本,动作,https://movie.douban.com/subject/1295399/,https://img3.doubanio.com/view/photo/s_ratio_poster/public/p647099823.jpg
福音战士新剧场版：破,9.2,日本,动作,https://movie.douban.com/subject/2567646/,https://img3.doubanio.com/view/photo/s_ratio_poster/public/p1026522114.jpg
新世纪福音战士剧场版：死与新生,9.2,日本,动作,https://movie.douban.com/subject/1455442/,https://img3.doubanio.com/view/photo/s_ratio_poster/public/p2250120322.jpg
切腹,9.2,日本,动作,https://movie.douban.com/subject/1304920/,https://img3.doubanio.com/view/photo/s_ratio_poster/public/p2151748293.jpg
攻壳机动队SAC 2nd GIG：个别的十一人,9.2,日本,动作,https://movie.douban.com/subject/2352020/,https://img3.doubanio.com/view/photo/s_ratio_poster/public/p2497028401.jpg
新世纪福音战士剧场版：复兴,9.2,日本,动作,https://movie.douban.com/subject/20458867/,https://img3.doubanio.com/view/photo/s_ratio_poster/public/p2227584460.jpg
福音战士新剧场版：序,9.1,日本,动作,https://movie.douban.com/subject/1968790/,https://img3.doubanio.com/view/photo/s_ratio_poster/public/p453715063.jpg
银魂剧场版：新译红樱篇,9.1,日本,动作,https://movie.douban.com/subject/4122194/,https://img3.doubanio.com/view/photo/s_ratio_poster/public/p612363092.jpg
攻壳机动队SAC：笑面男,9.1,日本,动作,https://movie.douban.com/subject/2078804/,https://img1.doubanio.com/view/photo/s_ratio_poster/public/p2207164758.jpg
天元突破剧场版：螺岩篇,9.1,日本,动作,https://movie.douban.com/subject/3727748/,https://img3.doubanio.com/view/photo/s_ratio_poster/public/p937216094.jpg
攻壳机动队2：无罪,9.0,日本,动作,https://movie.douban.com/subject/1291566/,https://img1.doubanio.com/view/photo/s_ratio_poster/public/p453466108.jpg
空之境界 第七章 杀人考察（后）,9.0,日本,动作,https://movie.douban.com/subject/3399553/,https://img3.doubanio.com/view/photo/s_ratio_poster/public/p2202703811.jpg
机动战士高达：逆袭的夏亚,9.0,日本,动作,https://movie.douban.com/subject/1401536/,https://img3.doubanio.com/view/photo/s_ratio_poster/public/p546980785.jpg
少女与战车 剧场版,9.0,日本,动作,https://movie.douban.com/subject/24460604/,https://img1.doubanio.com/view/photo/s_ratio_poster/public/p2290872319.jpg
海贼王梅利篇：另一名同伴的故事,9.0,日本,动作,https://movie.douban.com/subject/25711544/,https://img3.doubanio.com/view/photo/s_ratio_poster/public/p2107245311.jpg
乱莺,9.0,日本,动作,https://movie.douban.com/subject/26897405/,https://img3.doubanio.com/view/photo/s_ratio_poster/public/p2461995492.jpg
盗梦空间,9.3,英国,动作,https://movie.douban.com/subject/3541415/,https://img3.doubanio.com/view/photo/s_ratio_poster/public/p513344864.jpg
神秘博士：时间冲撞,9.2,英国,动作,https://movie.douban.com/subject/4188543/,https://img1.doubanio.com/lpic/s6788929.jpg
蝙蝠侠：黑暗骑士,9.0,英国,动作,https://movie.douban.com/subject/1851857/,https://img3.doubanio.com/view/photo/s_ratio_poster/public/p462657443.jpg
两杆大烟枪,9.0,英国,动作,https://movie.douban.com/subject/1293350/,https://img1.doubanio.com/view/photo/s_ratio_poster/public/p792443418.jpg
李小龙：勇士的旅程,9.0,英国,动作,https://movie.douban.com/subject/1305710/,https://img3.doubanio.com/view/photo/s_ratio_poster/public/p2267330935.jpg
双X：这个游戏的名称,9.0,英国,动作,https://movie.douban.com/subject/1294819/,https://img3.doubanio.com/lpic/s3932346.jpg
怒海英雄：公爵夫人与恶魔,9.0,英国,动作,https://movie.douban.com/subject/1889695/,https://img3.doubanio.com/view/photo/s_ratio_poster/public/p2278607774.jpg
这个杀手不太冷,9.4,法国,动作,https://movie.douban.com/subject/1295644/,https://img3.doubanio.com/view/photo/s_ratio_poster/public/p511118051.jpg
98世界杯之旅,9.0,法国,动作,https://movie.douban.com/subject/1998756/,https://img1.doubanio.com/lpic/s2159708.jpg
从海底出击,9.0,德国,动作,https://movie.douban.com/subject/1293909/,https://img3.doubanio.com/view/photo/s_ratio_poster/public/p2088879323.jpg
黄金三镖客,9.1,意大利,动作,https://movie.douban.com/subject/1401118/,https://img1.doubanio.com/view/photo/s_ratio_poster/public/p2101693489.jpg
黄金三镖客,9.1,西班牙,动作,https://movie.douban.com/subject/1401118/,https://img1.doubanio.com/view/photo/s_ratio_poster/public/p2101693489.jpg
攀登梅鲁峰,9.1,印度,动作,https://movie.douban.com/subject/26276373/,https://img3.doubanio.com/view/photo/s_ratio_poster/public/p2286660380.jpg
